epoch,step,L_t,dot_L,delta,delta_change
0,2,2.300579309463501,0.0009768009185791016,1,-1
0,3,2.306042432785034,0.005463123321533203,1,0
0,4,2.3009603023529053,-0.005082130432128906,1,0
0,5,2.2990472316741943,-0.0019130706787109375,1,0
0,6,2.2994635105133057,0.0004162788391113281,1,0
0,7,2.3078534603118896,0.008389949798583984,1,0
0,8,2.3030312061309814,-0.004822254180908203,1,0
0,9,2.2945075035095215,-0.008523702621459961,1,0
0,10,2.2858643531799316,-0.008643150329589844,1,0
0,11,2.290968894958496,0.005104541778564453,1,0
0,12,2.289550304412842,-0.0014185905456542969,1,0
0,13,2.2899632453918457,0.00041294097900390625,1,0
0,14,2.2866530418395996,-0.0033102035522460938,1,0
0,15,2.2853102684020996,-0.0013427734375,1,0
0,16,2.2861688137054443,0.0008585453033447266,1,0
0,17,2.2849812507629395,-0.0011875629425048828,1,0
0,18,2.2802252769470215,-0.004755973815917969,1,0
0,19,2.279862880706787,-0.000362396240234375,1,0
0,20,2.2683210372924805,-0.01154184341430664,1,0
0,21,2.260833978652954,-0.007487058639526367,1,0
0,22,2.2529218196868896,-0.007912158966064453,1,0
0,23,2.2401185035705566,-0.012803316116333008,1,0
0,24,2.2366726398468018,-0.003445863723754883,1,0
0,25,2.2488365173339844,0.012163877487182617,1,0
0,26,2.23665452003479,-0.012181997299194336,1,0
0,27,2.243529796600342,0.006875276565551758,1,0
0,28,2.232205867767334,-0.011323928833007812,1,0
0,29,2.2118258476257324,-0.020380020141601562,1,0
0,30,2.1929521560668945,-0.01887369155883789,1,0
0,31,2.123021125793457,-0.0699310302734375,2,1
0,32,2.038646936416626,-0.04218709468841553,1,-1
0,33,2.0538229942321777,0.015176057815551758,1,0
0,34,1.9404606819152832,-0.11336231231689453,2,1
0,35,1.9755805730819702,0.017559945583343506,1,-1
0,36,1.9622300863265991,-0.013350486755371094,1,0
0,37,1.8963099718093872,-0.06592011451721191,2,1
0,38,1.7723556756973267,-0.06197714805603027,3,1
0,39,1.5203604698181152,-0.08399840195973714,4,1
0,40,1.12059485912323,-0.09994140267372131,5,0
0,41,11.76156234741211,2.66024187207222,6,0
0,42,5.953026294708252,-1.4521340131759644,5,0
0,43,2.2746686935424805,-0.9195894002914429,4,0
0,44,2.3262264728546143,0.012889444828033447,3,-1
0,45,2.3079793453216553,-0.006082375844319661,2,-1
0,46,2.325047254562378,0.008533954620361328,1,-1
0,47,2.3387887477874756,0.013741493225097656,1,0
0,48,2.3120412826538086,-0.026747465133666992,1,0
0,49,2.339279890060425,0.02723860740661621,1,0
0,50,2.3450005054473877,0.005720615386962891,1,0
0,51,2.3336195945739746,-0.011380910873413086,1,0
0,52,2.2972521781921387,-0.03636741638183594,1,0
0,53,2.302732467651367,0.005480289459228516,1,0
0,54,2.298628091812134,-0.0041043758392333984,1,0
0,55,2.298872232437134,0.000244140625,1,0
0,56,2.297304391860962,-0.001567840576171875,1,0
0,57,2.30037522315979,0.003070831298828125,1,0
0,58,2.30973219871521,0.009356975555419922,1,0
0,59,2.294478178024292,-0.015254020690917969,1,0
0,60,2.3070387840270996,0.012560606002807617,1,0
0,61,2.317108392715454,0.010069608688354492,1,0
0,62,2.2951037883758545,-0.02200460433959961,1,0
0,63,2.298529863357544,0.003426074981689453,1,0
0,64,2.3084797859191895,0.009949922561645508,1,0
0,65,2.3102173805236816,0.0017375946044921875,1,0
0,66,2.297727108001709,-0.012490272521972656,1,0
0,67,2.29902720451355,0.0013000965118408203,1,0
0,68,2.3030123710632324,0.003985166549682617,1,0
0,69,2.296093225479126,-0.006919145584106445,1,0
0,70,2.2966017723083496,0.0005085468292236328,1,0
0,71,2.2942585945129395,-0.0023431777954101562,1,0
0,72,2.289348840713501,-0.0049097537994384766,1,0
0,73,2.291804790496826,0.0024559497833251953,1,0
0,74,2.2823846340179443,-0.009420156478881836,1,0
0,75,2.2937328815460205,0.011348247528076172,1,0
0,76,2.2954277992248535,0.0016949176788330078,1,0
0,77,2.2846505641937256,-0.01077723503112793,1,0
0,78,2.2684240341186523,-0.016226530075073242,1,0
0,79,2.287385940551758,0.01896190643310547,1,0
0,80,2.2711691856384277,-0.016216754913330078,1,0
0,81,2.272986888885498,0.0018177032470703125,1,0
0,82,2.2405498027801514,-0.03243708610534668,1,0
0,83,2.244539976119995,0.00399017333984375,1,0
0,84,2.193568229675293,-0.05097174644470215,2,1
0,85,2.2348079681396484,0.020619869232177734,1,-1
0,86,2.2441844940185547,0.00937652587890625,1,0
0,87,2.224660634994507,-0.01952385902404785,1,0
0,88,2.2060933113098145,-0.018567323684692383,1,0
0,89,2.1501197814941406,-0.05597352981567383,2,1
0,90,2.1337997913360596,-0.008159995079040527,1,-1
0,91,2.0879223346710205,-0.04587745666503906,1,0
0,92,1.985732078552246,-0.10219025611877441,2,1
0,93,2.0984959602355957,0.056381940841674805,3,1
0,94,2.0165319442749023,-0.027321338653564453,2,-1
0,95,1.9580122232437134,-0.029259860515594482,1,-1
0,96,2.0610971450805664,0.10308492183685303,2,1
0,97,2.0133280754089355,-0.02388453483581543,1,-1
0,98,1.992979645729065,-0.020348429679870605,1,0
0,99,1.9416640996932983,-0.0513155460357666,2,1
0,100,1.8750112056732178,-0.03332644701004028,1,-1
0,101,1.7425090074539185,-0.13250219821929932,2,1
0,102,1.7077637910842896,-0.017372608184814453,1,-1
0,103,1.7513858079910278,0.04362201690673828,1,0
0,104,1.4934720993041992,-0.2579137086868286,2,1
0,105,1.5228016376495361,0.014664769172668457,1,-1
0,106,1.5881125926971436,0.06531095504760742,2,1
0,107,1.6181955337524414,0.015041470527648926,1,-1
0,108,1.498976707458496,-0.11921882629394531,2,1
0,109,1.7511277198791504,0.12607550621032715,3,1
0,110,1.5461353063583374,-0.06833080450693767,4,1
0,111,1.3872989416122437,-0.03970909118652344,3,-1
0,112,1.6045966148376465,0.07243255774180095,4,1
0,113,1.4314074516296387,-0.04329729080200195,3,-1
0,114,1.2540063858032227,-0.059133688608805336,4,1
0,115,1.27693772315979,0.005732834339141846,3,-1
0,116,1.4621883630752563,0.061750213305155434,4,1
0,117,1.4191937446594238,-0.01074865460395813,3,-1
0,118,1.2987937927246094,-0.04013331731160482,2,-1
0,119,1.4271341562271118,0.06417018175125122,3,1
0,120,1.2230311632156372,-0.06803433100382487,4,1
0,121,1.2250478267669678,0.0005041658878326416,3,-1
0,122,1.279009222984314,0.01798713207244873,2,-1
0,123,1.2570650577545166,-0.010972082614898682,1,-1
0,124,1.1966205835342407,-0.06044447422027588,2,1
0,125,1.1130434274673462,-0.041788578033447266,1,-1
0,126,1.1552965641021729,0.04225313663482666,1,0
0,127,1.0304059982299805,-0.12489056587219238,2,1
0,128,0.8505347967147827,-0.08993560075759888,3,1
0,129,1.1899304389953613,0.11313188076019287,4,1
0,130,1.1888750791549683,-0.0002638399600982666,3,-1
0,131,1.2347954511642456,0.015306790669759115,2,-1
0,132,1.0886534452438354,-0.07307100296020508,3,1
0,133,1.2598339319229126,0.05706016222635905,4,1
0,134,1.181013584136963,-0.019705086946487427,3,-1
0,135,1.2055625915527344,0.008183002471923828,2,-1
0,136,1.099022388458252,-0.05327010154724121,3,1
0,137,1.0770952701568604,-0.0073090394337972,2,-1
0,138,0.9838327169418335,-0.04663127660751343,1,-1
0,139,0.9590345621109009,-0.024798154830932617,1,0
0,140,1.4101600646972656,0.45112550258636475,2,1
0,141,1.3353854417800903,-0.037387311458587646,1,-1
0,142,0.823789119720459,-0.5115963220596313,2,1
0,143,0.9461588263511658,0.061184853315353394,3,1
0,144,0.9503343105316162,0.0013918280601501465,2,-1
0,145,0.9153269529342651,-0.017503678798675537,1,-1
0,146,0.9436576962471008,0.028330743312835693,1,0
0,147,0.9629350900650024,0.01927739381790161,1,0
0,148,0.9073180556297302,-0.05561703443527222,2,1
0,149,0.9072816371917725,-1.8209218978881836e-05,1,-1
0,150,0.8581805229187012,-0.04910111427307129,1,0
0,151,0.8752104640007019,0.017029941082000732,1,0
0,152,0.6922779679298401,-0.18293249607086182,2,1
0,153,0.8560096025466919,0.0818658173084259,3,1
0,154,0.7640278339385986,-0.030660589536031086,2,-1
0,155,0.805845320224762,0.020908743143081665,1,-1
0,156,0.6794132590293884,-0.12643206119537354,2,1
0,157,0.779046356678009,0.0498165488243103,1,-1
0,158,0.5133276581764221,-0.2657186985015869,2,1
0,159,0.7746601700782776,0.13066625595092773,3,1
0,160,1.0066778659820557,0.07733923196792603,4,1
0,161,0.7462778687477112,-0.06509999930858612,4,0
0,162,0.651626706123352,-0.023662790656089783,3,-1
0,163,0.6987928152084351,0.015722036361694336,2,-1
0,164,0.7012958526611328,0.001251518726348877,1,-1
0,165,0.673443078994751,-0.027852773666381836,1,0
0,166,0.8665679693222046,0.1931248903274536,2,1
0,167,0.6670551896095276,-0.0997563898563385,3,1
0,168,0.5880239009857178,-0.02634376287460327,2,-1
0,169,0.7658500671386719,0.08891308307647705,3,1
0,170,0.7672144174575806,0.00045478343963623047,2,-1
0,171,0.6185378432273865,-0.07433828711509705,3,1
0,172,0.7126423120498657,0.03136815627415975,2,-1
0,173,0.6435816287994385,-0.03453034162521362,1,-1
0,174,0.6271531581878662,-0.016428470611572266,1,0
0,175,0.6667630076408386,0.03960984945297241,1,0
0,176,0.522108256816864,-0.1446547508239746,2,1
0,177,0.6753638386726379,0.07662779092788696,3,1
0,178,0.5420530438423157,-0.04443693161010742,2,-1
0,179,0.6497644186019897,0.053855687379837036,3,1
0,180,0.7913578748703003,0.047197818756103516,2,-1
0,181,0.7796106338500977,-0.005873620510101318,1,-1
0,182,0.6618125438690186,-0.1177980899810791,2,1
0,183,0.6404895186424255,-0.010661512613296509,1,-1
0,184,0.5219818353652954,-0.11850768327713013,2,1
0,185,0.6432936787605286,0.06065592169761658,3,1
0,186,0.5576397180557251,-0.02855132023493449,2,-1
0,187,0.5437167286872864,-0.00696149468421936,1,-1
0,188,0.64252108335495,0.09880435466766357,2,1
0,189,0.45585617423057556,-0.0933324545621872,3,1
0,190,0.6481707096099854,0.06410484512646993,4,1
0,191,0.5046523213386536,-0.03587959706783295,3,-1
0,192,0.4740005135536194,-0.01021726926167806,2,-1
0,193,0.5005658864974976,0.013282686471939087,1,-1
0,194,0.43700727820396423,-0.06355860829353333,2,1
0,195,0.43490827083587646,-0.0010495036840438843,1,-1
0,196,0.49163609743118286,0.056727826595306396,2,1
0,197,0.6336202025413513,0.07099205255508423,3,1
0,198,0.352660596370697,-0.09365320205688477,4,1
0,199,0.34144648909568787,-0.002803526818752289,3,-1
0,200,0.5096022486686707,0.05605191985766093,4,1
0,201,0.4084526300430298,-0.025287404656410217,3,-1
0,202,0.4430224895477295,0.011523286501566568,2,-1
0,203,0.5201650261878967,0.03857126832008362,1,-1
0,204,0.39121508598327637,-0.12894994020462036,2,1
0,205,0.39315223693847656,0.0009685754776000977,1,-1
0,206,0.4459396302700043,0.05278739333152771,2,1
0,207,0.45164474844932556,0.0028525590896606445,1,-1
0,208,0.4068812131881714,-0.044763535261154175,1,0
0,209,0.3724183440208435,-0.03446286916732788,1,0
0,210,0.536618709564209,0.16420036554336548,2,1
0,211,0.6871947646141052,0.07528802752494812,3,1
0,212,0.5943511128425598,-0.03094788392384847,2,-1
0,213,0.5535696744918823,-0.020390719175338745,1,-1
0,214,0.5932329893112183,0.03966331481933594,1,0
0,215,0.4695276916027069,-0.12370529770851135,2,1
0,216,0.6688272356987,0.09964977204799652,3,1
0,217,0.4833696782588959,-0.06181918581326803,4,1
0,218,0.41972944140434265,-0.015910059213638306,3,-1
0,219,0.4047035872936249,-0.005008618036905925,2,-1
0,220,0.4431704878807068,0.019233450293540955,1,-1
0,221,0.5114009976387024,0.0682305097579956,2,1
0,222,0.718634307384491,0.10361665487289429,3,1
0,223,0.6071253418922424,-0.03716965516408285,2,-1
0,224,0.612934947013855,0.0029048025608062744,1,-1
0,225,0.685181736946106,0.07224678993225098,2,1
0,226,0.6704391241073608,-0.007371306419372559,1,-1
0,227,0.6719403862953186,0.0015012621879577637,1,0
0,228,0.507484495639801,-0.16445589065551758,2,1
0,229,0.5172894597053528,0.004902482032775879,1,-1
0,230,0.5381211042404175,0.020831644535064697,1,0
0,231,0.6142327785491943,0.07611167430877686,2,1
0,232,0.6535588502883911,0.01966303586959839,1,-1
0,233,0.4726928174495697,-0.1808660328388214,2,1
0,234,0.6241567730903625,0.07573197782039642,3,1
1,0,0.5581679940223694,-0.021996259689331055,2,-1
1,1,0.4132567346096039,-0.07245562970638275,3,1
1,2,0.3681277632713318,-0.015042990446090698,2,-1
1,3,0.28535664081573486,-0.04138556122779846,1,-1
1,4,0.37381479144096375,0.08845815062522888,2,1
1,5,0.36740168929100037,-0.0032065510749816895,1,-1
1,6,0.42245832085609436,0.055056631565093994,2,1
1,7,0.3589703440666199,-0.031743988394737244,1,-1
1,8,0.3358190059661865,-0.02315133810043335,1,0
1,9,0.3791840076446533,0.0433650016784668,1,0
1,10,0.29137563705444336,-0.08780837059020996,2,1
1,11,0.36787596344947815,0.038250163197517395,1,-1
1,12,0.3758392930030823,0.007963329553604126,1,0
1,13,0.42378848791122437,0.04794919490814209,1,0
1,14,0.462144136428833,0.03835564851760864,1,0
1,15,0.5343753099441528,0.07223117351531982,2,1
1,16,0.4628337323665619,-0.03577078878879547,1,-1
1,17,0.34179553389549255,-0.12103819847106934,2,1
1,18,0.3039419949054718,-0.018926769495010376,1,-1
1,19,0.33583229780197144,0.031890302896499634,1,0
1,20,0.4756554961204529,0.13982319831848145,2,1
1,21,0.699216365814209,0.11178043484687805,3,1
1,22,0.4616486430168152,-0.0791892409324646,4,1
1,23,0.4226575493812561,-0.00974777340888977,3,-1
1,24,0.48298582434654236,0.020109424988428753,2,-1
1,25,0.4340684413909912,-0.024458691477775574,1,-1
1,26,0.4946621060371399,0.06059366464614868,2,1
1,27,0.49044033885002136,-0.002110883593559265,1,-1
1,28,0.3249685764312744,-0.16547176241874695,2,1
1,29,0.32355785369873047,-0.0007053613662719727,1,-1
1,30,0.2753337621688843,-0.04822409152984619,1,0
1,31,0.4906840920448303,0.21535032987594604,2,1
1,32,0.5261175632476807,0.01771673560142517,1,-1
1,33,0.3286622166633606,-0.19745534658432007,2,1
1,34,0.3410003185272217,0.006169050931930542,1,-1
1,35,0.6010246276855469,0.2600243091583252,2,1
1,36,0.46357449889183044,-0.06872506439685822,3,1
1,37,0.48360949754714966,0.006678332885106404,2,-1
1,38,0.412210613489151,-0.03569944202899933,1,-1
1,39,0.3229382038116455,-0.0892724096775055,2,1
1,40,0.3672526180744171,0.022157207131385803,1,-1
1,41,0.4363912343978882,0.06913861632347107,2,1
1,42,0.400346964597702,-0.01802213490009308,1,-1
1,43,0.41904813051223755,0.018701165914535522,1,0
1,44,0.4509793519973755,0.03193122148513794,1,0
1,45,0.4089650809764862,-0.04201427102088928,1,0
1,46,0.552750289440155,0.14378520846366882,2,1
1,47,0.4506434500217438,-0.05105341970920563,3,1
1,48,0.36593300104141235,-0.02823681632677714,2,-1
1,49,0.2701221704483032,-0.047905415296554565,1,-1
1,50,0.3097189664840698,0.0395967960357666,1,0
1,51,0.4530566334724426,0.1433376669883728,2,1
1,52,0.7028075456619263,0.12487545609474182,3,1
1,53,0.6382015943527222,-0.021535317103068035,2,-1
1,54,0.7377514243125916,0.04977491497993469,1,-1
1,55,0.679960310459137,-0.05779111385345459,2,1
1,56,0.6180396676063538,-0.0309603214263916,1,-1
1,57,0.5991913080215454,-0.01884835958480835,1,0
1,58,0.3939443528652191,-0.2052469551563263,2,1
1,59,0.3696023225784302,-0.01217101514339447,1,-1
1,60,0.4582339823246002,0.08863165974617004,2,1
1,61,0.7210661172866821,0.13141606748104095,3,1
1,62,0.8171756267547607,0.03203650315602621,2,-1
1,63,0.8548224568367004,0.01882341504096985,1,-1
1,64,0.8295971751213074,-0.025225281715393066,1,0
1,65,0.8120021224021912,-0.01759505271911621,1,0
1,66,0.7959943413734436,-0.01600778102874756,1,0
1,67,0.8713025450706482,0.07530820369720459,2,1
1,68,0.7209500074386597,-0.07517626881599426,3,1
1,69,0.6162595152854919,-0.03489683071772257,2,-1
1,70,0.45615896582603455,-0.0800502747297287,3,1
1,71,0.6050428152084351,0.04962794979413351,2,-1
1,72,0.7874899506568909,0.0912235677242279,3,1
1,73,0.8641610741615295,0.02555704116821289,2,-1
1,74,0.7902456521987915,-0.03695771098136902,1,-1
1,75,0.7434480786323547,-0.04679757356643677,1,0
1,76,0.8782601952552795,0.1348121166229248,2,1
1,77,0.8155228495597839,-0.0313686728477478,1,-1
1,78,0.5695202350616455,-0.24600261449813843,2,1
1,79,0.5010228157043457,-0.0342487096786499,1,-1
1,80,0.4301448166370392,-0.07087799906730652,2,1
1,81,0.6170312166213989,0.09344319999217987,3,1
1,82,0.6851027011871338,0.022690494855244953,2,-1
1,83,0.9104113578796387,0.11265432834625244,3,1
1,84,0.9082636833190918,-0.0007158915201822916,2,-1
1,85,0.7489175200462341,-0.07967308163642883,3,1
1,86,0.76211017370224,0.00439755121866862,2,-1
1,87,0.7641375660896301,0.0010136961936950684,1,-1
1,88,0.6768378019332886,-0.08729976415634155,2,1
1,89,0.5755211710929871,-0.05065831542015076,3,1
1,90,0.6097068786621094,0.011395235856374105,2,-1
1,91,0.5638930797576904,-0.022906899452209473,1,-1
1,92,0.5253691673278809,-0.03852391242980957,1,0
1,93,0.5334315299987793,0.008062362670898438,1,0
1,94,0.4552065432071686,-0.07822498679161072,2,1
1,95,0.4840659499168396,0.01442970335483551,1,-1
1,96,0.48986074328422546,0.005794793367385864,1,0
1,97,0.4781731963157654,-0.011687546968460083,1,0
1,98,0.3835796117782593,-0.0945935845375061,2,1
1,99,0.36292052268981934,-0.01032954454421997,1,-1
1,100,0.42005854845046997,0.057138025760650635,2,1
1,101,0.4064130187034607,-0.006822764873504639,1,-1
1,102,0.4525139331817627,0.046100914478302,1,0
1,103,0.440793514251709,-0.011720418930053711,1,0
1,104,0.35040223598480225,-0.09039127826690674,2,1
1,105,0.33362290263175964,-0.008389666676521301,1,-1
1,106,0.3873065114021301,0.05368360877037048,2,1
1,107,0.29310187697410583,-0.047102317214012146,1,-1
1,108,0.42281097173690796,0.12970909476280212,2,1
1,109,0.411338210105896,-0.0057363808155059814,1,-1
1,110,0.33062002062797546,-0.08071818947792053,2,1
1,111,0.44329386949539185,0.05633692443370819,3,1
1,112,0.45828667283058167,0.0049976011117299395,2,-1
1,113,0.327742338180542,-0.06527216732501984,3,1
1,114,0.3508963882923126,0.007718016703923543,2,-1
1,115,0.3120979368686676,-0.01939922571182251,1,-1
1,116,0.37223684787750244,0.06013891100883484,2,1
1,117,0.3902941644191742,0.009028658270835876,1,-1
1,118,0.23392373323440552,-0.15637043118476868,2,1
1,119,0.30944564938545227,0.037760958075523376,1,-1
1,120,0.2960605323314667,-0.013385117053985596,1,0
1,121,0.5395295023918152,0.2434689700603485,2,1
1,122,0.5416517853736877,0.0010611414909362793,1,-1
1,123,0.4381338953971863,-0.10351788997650146,2,1
1,124,0.3265936076641083,-0.055770143866539,3,1
1,125,0.35559260845184326,0.009666333595911661,2,-1
1,126,0.4184369742870331,0.03142218291759491,1,-1
1,127,0.29262223839759827,-0.12581473588943481,2,1
1,128,0.28297021985054016,-0.004826009273529053,1,-1
1,129,0.2517593502998352,-0.031210869550704956,1,0
1,130,0.3619473874568939,0.11018803715705872,2,1
1,131,0.46418359875679016,0.05111810564994812,3,1
1,132,0.5096314549446106,0.015149285395940145,2,-1
1,133,0.4742671251296997,-0.017682164907455444,1,-1
1,134,0.37747281789779663,-0.09679430723190308,2,1
1,135,0.3423810601234436,-0.017545878887176514,1,-1
1,136,0.4635471999645233,0.12116613984107971,2,1
1,137,0.4218619763851166,-0.02084261178970337,1,-1
1,138,0.35054779052734375,-0.07131418585777283,2,1
1,139,0.2909703552722931,-0.02978871762752533,1,-1
1,140,0.3783087730407715,0.0873384177684784,2,1
1,141,0.5200038552284241,0.0708475410938263,3,1
1,142,0.5623658895492554,0.014120678106943766,2,-1
1,143,0.6440529227256775,0.04084351658821106,1,-1
1,144,0.5275410413742065,-0.11651188135147095,2,1
1,145,0.5402098298072815,0.006334394216537476,1,-1
1,146,0.5929129719734192,0.052703142166137695,2,1
1,147,0.5325856804847717,-0.03016364574432373,1,-1
1,148,0.44353389739990234,-0.08905178308486938,2,1
1,149,0.4244489371776581,-0.009542480111122131,1,-1
1,150,0.48160675168037415,0.057157814502716064,2,1
1,151,0.6511813402175903,0.0847872942686081,3,1
1,152,0.6808972954750061,0.00990531841913859,2,-1
1,153,0.7291073799133301,0.024105042219161987,1,-1
1,154,0.6581112742424011,-0.07099610567092896,2,1
1,155,0.7303643226623535,0.036126524209976196,1,-1
1,156,0.6122663021087646,-0.11809802055358887,2,1
1,157,0.5873075723648071,-0.01247936487197876,1,-1
1,158,0.652022659778595,0.06471508741378784,2,1
1,159,0.45045340061187744,-0.10078462958335876,3,1
1,160,0.4538264274597168,0.0011243422826131184,2,-1
1,161,0.49885794520378113,0.022515758872032166,1,-1
1,162,0.4360944926738739,-0.06276345252990723,2,1
1,163,0.47593703866004944,0.01992127299308777,1,-1
1,164,0.4287812113761902,-0.04715582728385925,1,0
1,165,0.4002966284751892,-0.028484582901000977,1,0
1,166,0.5311075448989868,0.1308109164237976,2,1
1,167,0.4553854465484619,-0.03786104917526245,1,-1
1,168,0.3026959300041199,-0.15268951654434204,2,1
1,169,0.39073240756988525,0.04401823878288269,1,-1
1,170,0.3487342596054077,-0.04199814796447754,1,0
1,171,0.34649813175201416,-0.0022361278533935547,1,0
1,172,0.5436176657676697,0.19711953401565552,2,1
1,173,0.5400732755661011,-0.0017721951007843018,1,-1
1,174,0.413193941116333,-0.12687933444976807,2,1
1,175,0.5771077275276184,0.0819568932056427,3,1
1,176,0.38231903314590454,-0.06492956479390462,4,1
1,177,0.5112669467926025,0.0322369784116745,3,-1
1,178,0.38692864775657654,-0.04144609967867533,2,-1
1,179,0.3429875671863556,-0.021970540285110474,1,-1
1,180,0.33893871307373047,-0.004048854112625122,1,0
1,181,0.48459532856941223,0.14565661549568176,2,1
1,182,0.498693585395813,0.007049128413200378,1,-1
1,183,0.37681835889816284,-0.12187522649765015,2,1
1,184,0.3656647503376007,-0.005576804280281067,1,-1
1,185,0.42991045117378235,0.06424570083618164,2,1
1,186,0.38339993357658386,-0.023255258798599243,1,-1
1,187,0.3798222541809082,-0.003577679395675659,1,0
1,188,0.3856363296508789,0.005814075469970703,1,0
1,189,0.2039838433265686,-0.1816524863243103,2,1
1,190,0.3219207525253296,0.05896845459938049,3,1
1,191,0.3832705616950989,0.020449936389923096,2,-1
1,192,0.410408079624176,0.013568758964538574,1,-1
1,193,0.33025163412094116,-0.08015644550323486,2,1
1,194,0.3326009213924408,0.001174643635749817,1,-1
1,195,0.390157014131546,0.057556092739105225,2,1
1,196,0.4475015699863434,0.02867227792739868,1,-1
1,197,0.3899083435535431,-0.05759322643280029,2,1
1,198,0.3090285360813141,-0.0404399037361145,1,-1
1,199,0.24812470376491547,-0.06090383231639862,2,1
1,200,0.2231202870607376,-0.012502208352088928,1,-1
1,201,0.2524074912071228,0.029287204146385193,1,0
1,202,0.30695590376853943,0.054548412561416626,2,1
1,203,0.34708815813064575,0.02006612718105316,1,-1
1,204,0.294516384601593,-0.052571773529052734,2,1
1,205,0.22737620770931244,-0.03357008844614029,1,-1
1,206,0.358189195394516,0.13081298768520355,2,1
1,207,0.30811408162117004,-0.025037556886672974,1,-1
1,208,0.24341724812984467,-0.06469683349132538,2,1
1,209,0.2615472376346588,0.009064994752407074,1,-1
1,210,0.34698235988616943,0.08543512225151062,2,1
1,211,0.3254299759864807,-0.01077619194984436,1,-1
1,212,0.2676457166671753,-0.05778425931930542,2,1
1,213,0.3033958971500397,0.01787509024143219,1,-1
1,214,0.3516904413700104,0.0482945442199707,1,0
1,215,0.29994893074035645,-0.05174151062965393,2,1
1,216,0.46335914731025696,0.08170510828495026,3,1
1,217,0.19442309439182281,-0.08964535097281139,4,1
1,218,0.24836570024490356,0.013485651463270187,3,-1
1,219,0.3097653090953827,0.020466536283493042,2,-1
1,220,0.27859416604042053,-0.015585571527481079,1,-1
1,221,0.25898170471191406,-0.01961246132850647,1,0
1,222,0.2785012125968933,0.019519507884979248,1,0
1,223,0.20518051087856293,-0.07332070171833038,2,1
1,224,0.29424238204956055,0.04453093558549881,1,-1
1,225,0.27156156301498413,-0.022680819034576416,1,0
1,226,0.2975415885448456,0.02598002552986145,1,0
1,227,0.29951703548431396,0.001975446939468384,1,0
1,228,0.218498095870018,-0.08101893961429596,2,1
1,229,0.24762503802776337,0.01456347107887268,1,-1
1,230,0.2801520526409149,0.03252701461315155,1,0
1,231,0.26327213644981384,-0.016879916191101074,1,0
1,232,0.2744443714618683,0.011172235012054443,1,0
1,233,0.13685984909534454,-0.13758452236652374,2,1
1,234,0.3418533504009247,0.10249675065279007,3,1
2,0,0.3134506940841675,-0.009467552105585733,2,-1
2,1,0.21383613348007202,-0.04980728030204773,1,-1
2,2,0.21241289377212524,-0.0014232397079467773,1,0
2,3,0.12844166159629822,-0.08397123217582703,2,1
2,4,0.2360243946313858,0.05379136651754379,3,1
2,5,0.26946958899497986,0.011148398121198019,2,-1
2,6,0.32462605834007263,0.027578234672546387,1,-1
2,7,0.22416570782661438,-0.10046035051345825,2,1
2,8,0.1936735212802887,-0.015246093273162842,1,-1
2,9,0.24379763007164001,0.05012410879135132,2,1
2,10,0.182027205824852,-0.030885212123394012,1,-1
2,11,0.17837870121002197,-0.003648504614830017,1,0
2,12,0.2263154536485672,0.04793675243854523,1,0
2,13,0.2327035814523697,0.00638812780380249,1,0
2,14,0.34579887986183167,0.11309529840946198,2,1
2,15,0.268883615732193,-0.038457632064819336,1,-1
2,16,0.3046061098575592,0.03572249412536621,1,0
2,17,0.21243520081043243,-0.09217090904712677,2,1
2,18,0.18526706099510193,-0.013584069907665253,1,-1
2,19,0.15396901965141296,-0.031298041343688965,1,0
2,20,0.21539415419101715,0.06142513453960419,2,1
2,21,0.26126179099082947,0.02293381839990616,1,-1
2,22,0.11702234297990799,-0.14423944801092148,2,1
2,23,0.1524142175912857,0.017695937305688858,1,-1
2,24,0.3041551411151886,0.1517409235239029,2,1
2,25,0.22507551312446594,-0.03953981399536133,1,-1
2,26,0.19582821428775787,-0.02924729883670807,1,0
2,27,0.3191939890384674,0.12336577475070953,2,1
2,28,0.16569389402866364,-0.07675004750490189,3,1
2,29,0.19247302412986755,0.008926376700401306,2,-1
2,30,0.1882464438676834,-0.0021132901310920715,1,-1
2,31,0.20385995507240295,0.015613511204719543,1,0
2,32,0.27725163102149963,0.07339167594909668,2,1
2,33,0.19786342978477478,-0.03969410061836243,1,-1
2,34,0.19059379398822784,-0.007269635796546936,1,0
2,35,0.33473658561706543,0.14414279162883759,2,1
2,36,0.26816657185554504,-0.03328500688076019,1,-1
2,37,0.26218751072883606,-0.005979061126708984,1,0
2,38,0.2994571924209595,0.03726968169212341,1,0
2,39,0.19041480123996735,-0.10904239118099213,2,1
2,40,0.18535341322422028,-0.002530694007873535,1,-1
2,41,0.24549882113933563,0.060145407915115356,2,1
2,42,0.17550384998321533,-0.03499748557806015,1,-1
2,43,0.18801625072956085,0.01251240074634552,1,0
2,44,0.18811744451522827,0.00010119378566741943,1,0
2,45,0.19566699862480164,0.007549554109573364,1,0
2,46,0.2977173328399658,0.10205033421516418,2,1
2,47,0.22781221568584442,-0.0349525585770607,1,-1
2,48,0.1780085563659668,-0.049803659319877625,1,0
2,49,0.16640053689479828,-0.011608019471168518,1,0
2,50,0.17694684863090515,0.010546311736106873,1,0
2,51,0.2191879004240036,0.04224105179309845,1,0
2,52,0.20403794944286346,-0.015149950981140137,1,0
2,53,0.1976684331893921,-0.0063695162534713745,1,0
2,54,0.3493877053260803,0.15171927213668823,2,1
2,55,0.29924720525741577,-0.025070250034332275,1,-1
2,56,0.26164376735687256,-0.03760343790054321,1,0
2,57,0.3006777763366699,0.03903400897979736,1,0
2,58,0.15196789801120758,-0.14870987832546234,2,1
2,59,0.20754076540470123,0.027786433696746826,1,-1
2,60,0.2685566246509552,0.06101585924625397,2,1
2,61,0.2410593330860138,-0.013748645782470703,1,-1
2,62,0.19633442163467407,-0.04472491145133972,1,0
2,63,0.33252590894699097,0.1361914873123169,2,1
2,64,0.2987726926803589,-0.01687660813331604,1,-1
2,65,0.23384883999824524,-0.06492385268211365,2,1
2,66,0.23831503093242645,0.0022330954670906067,1,-1
2,67,0.3518757224082947,0.11356069147586823,2,1
2,68,0.23060700297355652,-0.06063435971736908,3,1
2,69,0.3695100247859955,0.04630100727081299,2,-1
2,70,0.2716100513935089,-0.048949986696243286,1,-1
2,71,0.27625229954719543,0.0046422481536865234,1,0
2,72,0.31587231159210205,0.039620012044906616,1,0
2,73,0.2551928162574768,-0.060679495334625244,2,1
2,74,0.3704642057418823,0.05763569474220276,3,1
2,75,0.33950719237327576,-0.010319004456202189,2,-1
2,76,0.28368446230888367,-0.027911365032196045,1,-1
2,77,0.21945875883102417,-0.0642257034778595,2,1
2,78,0.2645735740661621,0.02255740761756897,1,-1
2,79,0.17551197111606598,-0.08906160295009613,2,1
2,80,0.23576202988624573,0.030125029385089874,1,-1
2,81,0.23700881004333496,0.0012467801570892334,1,0
2,82,0.3012026250362396,0.06419381499290466,2,1
2,83,0.34508198499679565,0.021939679980278015,1,-1
2,84,0.34363171458244324,-0.001450270414352417,1,0
2,85,0.24519111216068268,-0.09844060242176056,2,1
2,86,0.3088347911834717,0.0318218395113945,1,-1
2,87,0.3382643759250641,0.029429584741592407,1,0
2,88,0.25301626324653625,-0.08524811267852783,2,1
2,89,0.26653793454170227,0.006760835647583008,1,-1
2,90,0.21771827340126038,-0.048819661140441895,1,0
2,91,0.2434869259595871,0.02576865255832672,1,0
2,92,0.27542346715927124,0.03193654119968414,1,0
2,93,0.19549186527729034,-0.0799316018819809,2,1
2,94,0.2658222019672394,0.03516516834497452,1,-1
2,95,0.22680096328258514,-0.039021238684654236,1,0
2,96,0.3172655403614044,0.09046457707881927,2,1
2,97,0.27866512537002563,-0.019300207495689392,1,-1
2,98,0.22056274116039276,-0.058102384209632874,2,1
2,99,0.1451176404953003,-0.037722550332546234,1,-1
2,100,0.231004536151886,0.0858868956565857,2,1
2,101,0.20526495575904846,-0.012869790196418762,1,-1
2,102,0.24316902458667755,0.03790406882762909,1,0
2,103,0.21762697398662567,-0.02554205060005188,1,0
2,104,0.17382849752902985,-0.043798476457595825,1,0
2,105,0.19430646300315857,0.020477965474128723,1,0
2,106,0.16128668189048767,-0.0330197811126709,1,0
2,107,0.19441664218902588,0.03312996029853821,1,0
2,108,0.2222358137369156,0.02781917154788971,1,0
2,109,0.23613132536411285,0.013895511627197266,1,0
2,110,0.23405443131923676,-0.0020768940448760986,1,0
2,111,0.3007500469684601,0.06669561564922333,2,1
2,112,0.2768155634403229,-0.011967241764068604,1,-1
2,113,0.16595833003520966,-0.11085723340511322,2,1
2,114,0.19434985518455505,0.014195762574672699,1,-1
2,115,0.21439409255981445,0.0200442373752594,1,0
2,116,0.21708853542804718,0.002694442868232727,1,0
2,117,0.19031895697116852,-0.026769578456878662,1,0
2,118,0.1742650717496872,-0.016053885221481323,1,0
2,119,0.1493726372718811,-0.02489243447780609,1,0
2,120,0.2000691443681717,0.05069650709629059,2,1
2,121,0.35247841477394104,0.07620463520288467,3,1
2,122,0.29655957221984863,-0.018639614184697468,2,-1
2,123,0.28922906517982483,-0.003665253520011902,1,-1
2,124,0.18936467170715332,-0.09986439347267151,2,1
2,125,0.23319758474826813,0.021916456520557404,1,-1
2,126,0.23001280426979065,-0.003184780478477478,1,0
2,127,0.1802399456501007,-0.04977285861968994,1,0
2,128,0.1515054702758789,-0.028734475374221802,1,0
2,129,0.16569973528385162,0.014194265007972717,1,0
2,130,0.20811361074447632,0.042413875460624695,1,0
2,131,0.25957196950912476,0.05145835876464844,2,1
2,132,0.2515319585800171,-0.004020005464553833,1,-1
2,133,0.26437997817993164,0.01284801959991455,1,0
2,134,0.27048879861831665,0.00610882043838501,1,0
2,135,0.18176130950450897,-0.08872748911380768,2,1
2,136,0.23322001099586487,0.025729350745677948,1,-1
2,137,0.2987556755542755,0.06553566455841064,2,1
2,138,0.2310284674167633,-0.033863604068756104,1,-1
2,139,0.19233320653438568,-0.038695260882377625,1,0
2,140,0.2115565836429596,0.019223377108573914,1,0
2,141,0.26408684253692627,0.052530258893966675,2,1
2,142,0.3008265495300293,0.018369853496551514,1,-1
2,143,0.38876673579216003,0.08794018626213074,2,1
2,144,0.19202867150306702,-0.09836903214454651,3,1
2,145,0.26187223196029663,0.023281186819076538,2,-1
2,146,0.24620242416858673,-0.00783490389585495,1,-1
2,147,0.20298722386360168,-0.043215200304985046,1,0
2,148,0.21630071103572845,0.01331348717212677,1,0
2,149,0.19538627564907074,-0.020914435386657715,1,0
2,150,0.20844553411006927,0.013059258460998535,1,0
2,151,0.2854222059249878,0.07697667181491852,2,1
2,152,0.39488399028778076,0.054730892181396484,3,1
2,153,0.39396846294403076,-0.00030517578125,2,-1
2,154,0.3355628550052643,-0.02920280396938324,1,-1
2,155,0.33678656816482544,0.0012237131595611572,1,0
2,156,0.23255866765975952,-0.10422790050506592,2,1
2,157,0.2081293910741806,-0.01221463829278946,1,-1
2,158,0.153272345662117,-0.0548570454120636,2,1
2,159,0.15889547765254974,0.0028115659952163696,1,-1
2,160,0.25667935609817505,0.0977838784456253,2,1
2,161,0.5833138227462769,0.1633172333240509,3,1
2,162,0.5470044612884521,-0.012103120485941568,2,-1
2,163,0.2790638506412506,-0.13397030532360077,3,1
2,164,0.1883256435394287,-0.030246069033940632,2,-1
2,165,0.2298484891653061,0.02076142281293869,1,-1
2,166,0.25673067569732666,0.02688218653202057,1,0
2,167,0.2766779661178589,0.019947290420532227,1,0
2,168,0.19819261133670807,-0.07848535478115082,2,1
2,169,0.2495531439781189,0.025680266320705414,1,-1
2,170,0.2514612376689911,0.0019080936908721924,1,0
2,171,0.18385958671569824,-0.06760165095329285,2,1
2,172,0.388050377368927,0.10209539532661438,3,1
2,173,0.33718201518058777,-0.01695612072944641,2,-1
2,174,0.3934694230556488,0.028143703937530518,1,-1
2,175,0.3332185745239258,-0.06025084853172302,2,1
2,176,0.28885331749916077,-0.022182628512382507,1,-1
2,177,0.39984193444252014,0.11098861694335938,2,1
2,178,0.2785123288631439,-0.06066480278968811,3,1
2,179,0.19554460048675537,-0.027655909458796184,2,-1
2,180,0.24109715223312378,0.022776275873184204,1,-1
2,181,0.2940048575401306,0.052907705307006836,2,1
2,182,0.383102685213089,0.04454891383647919,1,-1
2,183,0.26416948437690735,-0.11893320083618164,2,1
2,184,0.2871803939342499,0.011505454778671265,1,-1
2,185,0.3136279582977295,0.026447564363479614,1,0
2,186,0.3119683563709259,-0.0016596019268035889,1,0
2,187,0.37231382727622986,0.060345470905303955,2,1
2,188,0.29678457975387573,-0.03776462376117706,1,-1
2,189,0.18770350515842438,-0.10908107459545135,2,1
2,190,0.2050866037607193,0.008691549301147461,1,-1
2,191,0.20544493198394775,0.0003583282232284546,1,0
2,192,0.3311728239059448,0.12572789192199707,2,1
2,193,0.32743459939956665,-0.001869112253189087,1,-1
2,194,0.25798746943473816,-0.06944712996482849,2,1
2,195,0.3164697289466858,0.029241129755973816,1,-1
2,196,0.34095069766044617,0.024480968713760376,1,0
2,197,0.31121519207954407,-0.0297355055809021,1,0
2,198,0.22149255871772766,-0.0897226333618164,2,1
2,199,0.16063545644283295,-0.030428551137447357,1,-1
2,200,0.155825674533844,-0.004809781908988953,1,0
2,201,0.19620244204998016,0.04037676751613617,1,0
2,202,0.2473212331533432,0.05111879110336304,2,1
2,203,0.3161810040473938,0.0344298854470253,1,-1
2,204,0.22333528101444244,-0.09284572303295135,2,1
2,205,0.24507856369018555,0.010871641337871552,1,-1
2,206,0.292747437953949,0.04766887426376343,1,0
2,207,0.2730076313018799,-0.019739806652069092,1,0
2,208,0.1431857943534851,-0.12982183694839478,2,1
2,209,0.15531618893146515,0.006065197288990021,1,-1
2,210,0.254131019115448,0.09881483018398285,2,1
2,211,0.29844626784324646,0.02215762436389923,1,-1
2,212,0.21768984198570251,-0.08075642585754395,2,1
2,213,0.310785174369812,0.04654766619205475,1,-1
2,214,0.31575438380241394,0.004969209432601929,1,0
2,215,0.3252462148666382,0.009491831064224243,1,0
2,216,0.3759169280529022,0.05067071318626404,2,1
2,217,0.2553516924381256,-0.060282617807388306,3,1
2,218,0.22505955398082733,-0.010097379485766092,2,-1
2,219,0.24181999266147614,0.008380219340324402,1,-1
2,220,0.21550171077251434,-0.026318281888961792,1,0
2,221,0.258131206035614,0.04262949526309967,1,0
2,222,0.21725298464298248,-0.04087822139263153,1,0
2,223,0.25994056463241577,0.04268757998943329,1,0
2,224,0.2864384651184082,0.02649790048599243,1,0
2,225,0.35209837555885315,0.06565991044044495,2,1
2,226,0.3035547435283661,-0.02427181601524353,1,-1
2,227,0.3019310534000397,-0.001623690128326416,1,0
2,228,0.23682183027267456,-0.06510922312736511,2,1
2,229,0.23975926637649536,0.0014687180519104004,1,-1
2,230,0.25307226181030273,0.013312995433807373,1,0
2,231,0.2009320855140686,-0.05214017629623413,2,1
2,232,0.26330068707466125,0.031184300780296326,1,-1
2,233,0.14056101441383362,-0.12273967266082764,2,1
2,234,0.30418363213539124,0.08181130886077881,3,1
3,0,0.334928423166275,0.010248263676961264,2,-1
3,1,0.22158969938755035,-0.056669361889362335,3,1
3,2,0.19612275063991547,-0.008488982915878296,2,-1
3,3,0.09882604330778122,-0.04864835366606712,1,-1
3,4,0.2195172756910324,0.12069123238325119,2,1
3,5,0.21213315427303314,-0.003692060708999634,1,-1
3,6,0.28499966859817505,0.0728665143251419,2,1
3,7,0.17324349284172058,-0.055878087878227234,3,1
3,8,0.16069941222667694,-0.004181360205014546,2,-1
3,9,0.21479709446430206,0.02704884111881256,1,-1
3,10,0.1411910057067871,-0.07360608875751495,2,1
3,11,0.14375540614128113,0.0012822002172470093,1,-1
3,12,0.18314743041992188,0.03939202427864075,1,0
3,13,0.21865630149841309,0.03550887107849121,1,0
3,14,0.2926332950592041,0.07397699356079102,2,1
3,15,0.231346994638443,-0.030643150210380554,1,-1
3,16,0.33320870995521545,0.10186171531677246,2,1
3,17,0.13825109601020813,-0.09747880697250366,3,1
3,18,0.1754019409418106,0.012383614977200827,2,-1
3,19,0.10217329859733582,-0.036614321172237396,1,-1
3,20,0.18691827356815338,0.08474497497081757,2,1
3,21,0.17922881245613098,-0.0038447305560112,1,-1
3,22,0.11653319746255875,-0.06269561499357224,2,1
3,23,0.11989299952983856,0.0016799010336399078,1,-1
3,24,0.2325170934200287,0.11262409389019012,2,1
3,25,0.164812833070755,-0.03385213017463684,1,-1
3,26,0.17522096633911133,0.010408133268356323,1,0
3,27,0.2644364833831787,0.08921551704406738,2,1
3,28,0.12570545077323914,-0.06936551630496979,3,1
3,29,0.14686086773872375,0.00705180565516154,2,-1
3,30,0.15084950625896454,0.001994319260120392,1,-1
3,31,0.1677231788635254,0.016873672604560852,1,0
3,32,0.2204424887895584,0.05271930992603302,2,1
3,33,0.14012683928012848,-0.040157824754714966,1,-1
3,34,0.14307624101638794,0.0029494017362594604,1,0
3,35,0.2911946475505829,0.14811840653419495,2,1
3,36,0.2216637134552002,-0.034765467047691345,1,-1
3,37,0.207469180226326,-0.014194533228874207,1,0
3,38,0.23625411093235016,0.02878493070602417,1,0
3,39,0.13464601337909698,-0.10160809755325317,2,1
3,40,0.15334169566631317,0.009347841143608093,1,-1
3,41,0.18278191983699799,0.029440224170684814,1,0
3,42,0.14710363745689392,-0.035678282380104065,1,0
3,43,0.1650317907333374,0.01792815327644348,1,0
3,44,0.18613727390766144,0.021105483174324036,1,0
3,45,0.14007163047790527,-0.046065643429756165,1,0
3,46,0.2919524013996124,0.15188077092170715,2,1
3,47,0.20091666281223297,-0.04551786929368973,1,-1
3,48,0.1326688975095749,-0.06824776530265808,2,1
3,49,0.15032900869846344,0.008830055594444275,1,-1
3,50,0.13664130866527557,-0.013687700033187866,1,0
3,51,0.1924070119857788,0.055765703320503235,2,1
3,52,0.18995718657970428,-0.001224912703037262,1,-1
3,53,0.1524278223514557,-0.037529364228248596,1,0
3,54,0.30917078256607056,0.15674296021461487,2,1
3,55,0.26127731800079346,-0.02394673228263855,1,-1
3,56,0.2504892945289612,-0.010788023471832275,1,0
3,57,0.3013002574443817,0.05081096291542053,2,1
3,58,0.1285870373249054,-0.08635661005973816,3,1
3,59,0.1665557324886322,0.01265623172124227,2,-1
3,60,0.281268447637558,0.05735635757446289,3,1
3,61,0.286941260099411,0.0018909374872843425,2,-1
3,62,0.2233928143978119,-0.03177422285079956,1,-1
3,63,0.3010667860507965,0.07767397165298462,2,1
3,64,0.25203683972358704,-0.024514973163604736,1,-1
3,65,0.19979265332221985,-0.05224418640136719,2,1
3,66,0.2279745638370514,0.014090955257415771,1,-1
3,67,0.3203829228878021,0.09240835905075073,2,1
3,68,0.18489976227283478,-0.06774158030748367,3,1
3,69,0.2206036001443863,0.011901279290517172,2,-1
3,70,0.2657855153083801,0.022590957581996918,1,-1
3,71,0.2585335075855255,-0.007252007722854614,1,0
3,72,0.3688977062702179,0.11036419868469238,2,1
3,73,0.3256032168865204,-0.021647244691848755,1,-1
3,74,0.3893487751483917,0.06374555826187134,2,1
3,75,0.35219597816467285,-0.018576398491859436,1,-1
3,76,0.3011639714241028,-0.05103200674057007,2,1
3,77,0.27124691009521484,-0.01495853066444397,1,-1
3,78,0.24626220762729645,-0.024984702467918396,1,0
3,79,0.17155654728412628,-0.07470566034317017,2,1
3,80,0.4953851103782654,0.16191428154706955,3,1
3,81,0.7603840827941895,0.08833299080530803,4,1
3,82,0.5425938963890076,-0.05444754660129547,4,0
3,83,0.5701555013656616,0.006890401244163513,3,-1
3,84,0.5380841493606567,-0.010690450668334961,2,-1
3,85,0.31883424520492554,-0.1096249520778656,3,1
3,86,0.5596418380737305,0.08026919762293498,4,1
3,87,0.4549259841442108,-0.026178963482379913,3,-1
3,88,0.32155629992485046,-0.04445656140645345,2,-1
3,89,0.3249383866786957,0.0016910433769226074,1,-1
3,90,0.23935696482658386,-0.08558142185211182,2,1
3,91,0.29675576090812683,0.028699398040771484,1,-1
3,92,0.35360217094421387,0.056846410036087036,2,1
3,93,0.33752620220184326,-0.008037984371185303,1,-1
3,94,0.35716864466667175,0.01964244246482849,1,0
3,95,0.31365978717803955,-0.0435088574886322,1,0
3,96,0.33858633041381836,0.02492654323577881,1,0
3,97,0.40194517374038696,0.0633588433265686,2,1
3,98,0.3169231414794922,-0.04251101613044739,1,-1
3,99,0.21031709015369415,-0.10660605132579803,2,1
3,100,0.2600446939468384,0.024863801896572113,1,-1
3,101,0.15844036638736725,-0.10160432755947113,2,1
3,102,0.30449792742729187,0.07302878051996231,3,1
3,103,0.3382171392440796,0.011239737272262573,2,-1
3,104,0.33488497138023376,-0.0016660839319229126,1,-1
3,105,0.2556147873401642,-0.07927018404006958,2,1
3,106,0.2086305171251297,-0.023492135107517242,1,-1
3,107,0.20669007301330566,-0.0019404441118240356,1,0
3,108,0.31521904468536377,0.1085289716720581,2,1
3,109,0.24351432919502258,-0.03585235774517059,1,-1
3,110,0.2286943793296814,-0.014819949865341187,1,0
3,111,0.22667410969734192,-0.0020202696323394775,1,0
3,112,0.23548443615436554,0.00881032645702362,1,0
3,113,0.24786719679832458,0.012382760643959045,1,0
3,114,0.24120163917541504,-0.006665557622909546,1,0
3,115,0.25066035985946655,0.009458720684051514,1,0
3,116,0.3523954749107361,0.10173511505126953,2,1
3,117,0.28041872382164,-0.035988375544548035,1,-1
3,118,0.195377379655838,-0.085041344165802,2,1
3,119,0.17133760452270508,-0.012019887566566467,1,-1
3,120,0.2218957245349884,0.050558120012283325,2,1
3,121,0.2303675413131714,0.004235908389091492,1,-1
3,122,0.2826012074947357,0.05223366618156433,2,1
3,123,0.2611776292324066,-0.01071178913116455,1,-1
3,124,0.24132512509822845,-0.01985250413417816,1,0
3,125,0.28153395652770996,0.040208831429481506,1,0
3,126,0.25354453921318054,-0.02798941731452942,1,0
3,127,0.25180554389953613,-0.0017389953136444092,1,0
3,128,0.12618637084960938,-0.12561917304992676,2,1
3,129,0.15204812586307526,0.01293087750673294,1,-1
3,130,0.1777684986591339,0.025720372796058655,1,0
3,131,0.3246389925479889,0.14687049388885498,2,1
3,132,0.35203230381011963,0.013696655631065369,1,-1
3,133,0.28046926856040955,-0.07156303524971008,2,1
3,134,0.2977558970451355,0.008643314242362976,1,-1
3,135,0.17233231663703918,-0.1254235804080963,2,1
3,136,0.226057231426239,0.026862457394599915,1,-1
3,137,0.2661875784397125,0.04013034701347351,1,0
3,138,0.2481304109096527,-0.018057167530059814,1,0
3,139,0.16941548883914948,-0.07871492207050323,2,1
3,140,0.2614823579788208,0.04603343456983566,1,-1
3,141,0.21617290377616882,-0.04530945420265198,1,0
3,142,0.2765979766845703,0.06042507290840149,2,1
3,143,0.4327140748500824,0.07805804908275604,3,1
3,144,0.3338705897331238,-0.03294782837231954,2,-1
3,145,0.3137451708316803,-0.01006270945072174,1,-1
3,146,0.33566853404045105,0.021923363208770752,1,0
3,147,0.30162760615348816,-0.03404092788696289,1,0
3,148,0.23544318974018097,-0.06618441641330719,2,1
3,149,0.14895732700824738,-0.0432429313659668,1,-1
3,150,0.1666456162929535,0.017688289284706116,1,0
3,151,0.38163134455680847,0.21498572826385498,2,1
3,152,0.579606294631958,0.09898747503757477,3,1
3,153,0.495920330286026,-0.027895321448644,2,-1
3,154,0.36297374963760376,-0.06647329032421112,3,1
3,155,0.4138997197151184,0.01697532335917155,2,-1
3,156,0.4025750756263733,-0.005662322044372559,1,-1
3,157,0.3945264518260956,-0.00804862380027771,1,0
3,158,0.28781065344810486,-0.10671579837799072,2,1
3,159,0.12134978920221329,-0.08323043212294579,3,1
3,160,0.20035378634929657,0.026334665715694427,2,-1
3,161,0.6371797323226929,0.21841297298669815,3,1
3,162,0.7825782299041748,0.04846616586049398,2,-1
3,163,0.6495651006698608,-0.06650656461715698,3,1
3,164,0.46994274854660034,-0.059874117374420166,4,1
3,165,0.45647987723350525,-0.003365717828273773,3,-1
3,166,0.5148380994796753,0.019452740748723347,2,-1
3,167,0.44563594460487366,-0.03460107743740082,1,-1
3,168,0.2787896990776062,-0.16684624552726746,2,1
3,169,0.28522631525993347,0.0032183080911636353,1,-1
3,170,0.3171355128288269,0.03190919756889343,1,0
3,171,0.34968170523643494,0.03254619240760803,1,0
3,172,0.4669504463672638,0.11726874113082886,2,1
3,173,0.6185665726661682,0.07580806314945221,3,1
3,174,0.6115987300872803,-0.0023226141929626465,2,-1
3,175,0.5955002903938293,-0.008049219846725464,1,-1
3,176,0.5376121401786804,-0.057888150215148926,2,1
3,177,0.6031992435455322,0.0327935516834259,1,-1
3,178,0.449998676776886,-0.15320056676864624,2,1
3,179,0.3528100252151489,-0.04859432578086853,1,-1
3,180,0.3183065950870514,-0.034503430128097534,1,0
3,181,0.5399067401885986,0.22160014510154724,2,1
3,182,0.6305378079414368,0.04531553387641907,1,-1
3,183,0.4584566652774811,-0.1720811426639557,2,1
3,184,0.4444545805454254,-0.007001042366027832,1,-1
3,185,0.5376885533332825,0.09323397278785706,2,1
3,186,0.5282216668128967,-0.004733443260192871,1,-1
3,187,0.42131948471069336,-0.10690218210220337,2,1
3,188,0.40684735774993896,-0.007236063480377197,1,-1
3,189,0.2776787281036377,-0.12916862964630127,2,1
3,190,0.2807820439338684,0.0015516579151153564,1,-1
3,191,0.2770133912563324,-0.0037686526775360107,1,0
3,192,0.49038028717041016,0.21336689591407776,2,1
3,193,0.381111741065979,-0.054634273052215576,3,1
3,194,0.39240193367004395,0.003763397534688314,2,-1
3,195,0.4239387810230255,0.015768423676490784,1,-1
3,196,0.46155259013175964,0.03761380910873413,1,0
3,197,0.3193857967853546,-0.14216679334640503,2,1
3,198,0.2748297452926636,-0.02227802574634552,1,-1
3,199,0.20852884650230408,-0.0663008987903595,2,1
3,200,0.23049035668373108,0.010980755090713501,1,-1
3,201,0.26016151905059814,0.029671162366867065,1,0
3,202,0.5993163585662842,0.33915483951568604,2,1
3,203,0.48583441972732544,-0.05674096941947937,3,1
3,204,0.4048897325992584,-0.02698156237602234,2,-1
3,205,0.3590155839920044,-0.022937074303627014,1,-1
3,206,0.5394080877304077,0.18039250373840332,2,1
3,207,0.415429949760437,-0.06198906898498535,3,1
3,208,0.21765215694904327,-0.06592593093713124,4,1
3,209,0.2197921723127365,0.0005350038409233093,3,-1
3,210,0.3924424350261688,0.057550087571144104,4,1
3,211,0.5630481243133545,0.04265142232179642,3,-1
3,212,0.4576866924762726,-0.035120477279027305,2,-1
3,213,0.6003785133361816,0.07134591042995453,3,1
3,214,0.5216918587684631,-0.02622888485590617,2,-1
3,215,0.5550407767295837,0.016674458980560303,1,-1
3,216,0.5447894334793091,-0.010251343250274658,1,0
3,217,0.43571650981903076,-0.10907292366027832,2,1
3,218,0.3343379497528076,-0.05068928003311157,3,1
3,219,0.3323771357536316,-0.0006536046663920084,2,-1
3,220,0.22319205105304718,-0.054592542350292206,3,1
3,221,0.32192549109458923,0.032911146680514015,2,-1
3,222,0.40141522884368896,0.039744868874549866,1,-1
3,223,0.2774208188056946,-0.12399441003799438,2,1
3,224,0.43812084197998047,0.08035001158714294,3,1
3,225,0.3313732445240021,-0.035582532485326133,2,-1
3,226,0.3949657678604126,0.03179626166820526,1,-1
3,227,0.3486763536930084,-0.046289414167404175,1,0
3,228,0.2289036363363266,-0.11977271735668182,2,1
3,229,0.27113237977027893,0.021114371716976166,1,-1
3,230,0.3029196560382843,0.03178727626800537,1,0
3,231,0.2970723509788513,-0.005847305059432983,1,0
3,232,0.2166931927204132,-0.08037915825843811,2,1
3,233,0.1827191710472107,-0.016987010836601257,1,-1
3,234,0.3210655152797699,0.1383463442325592,2,1
4,0,0.31853407621383667,-0.0012657195329666138,1,-1
4,1,0.1887458860874176,-0.12978819012641907,2,1
4,2,0.19038216769695282,0.0008181408047676086,1,-1
4,3,0.0954674631357193,-0.09491470456123352,2,1
4,4,0.20256257057189941,0.05354755371809006,3,1
4,5,0.2254679799079895,0.007635136445363362,2,-1
4,6,0.24620787799358368,0.010369949042797089,1,-1
4,7,0.15349796414375305,-0.09270991384983063,2,1
4,8,0.1717027872800827,0.009102411568164825,1,-1
4,9,0.23144309222698212,0.059740304946899414,2,1
4,10,0.16940033435821533,-0.031021378934383392,1,-1
4,11,0.12763077020645142,-0.041769564151763916,1,0
4,12,0.1977950632572174,0.07016429305076599,2,1
4,13,0.22359681129455566,0.012900874018669128,1,-1
4,14,0.27928027510643005,0.05568346381187439,2,1
4,15,0.23022523522377014,-0.024527519941329956,1,-1
4,16,0.29257041215896606,0.06234517693519592,2,1
4,17,0.14998826384544373,-0.07129107415676117,3,1
4,18,0.1883126199245453,0.012774785359700521,2,-1
4,19,0.0839865505695343,-0.05216303467750549,3,1
4,20,0.16633132100105286,0.027448256810506184,2,-1
4,21,0.17820528149604797,0.005936980247497559,1,-1
4,22,0.10402817279100418,-0.07417710870504379,2,1
4,23,0.14956428110599518,0.0227680541574955,1,-1
4,24,0.2529180645942688,0.10335378348827362,2,1
4,25,0.1878790706396103,-0.032519496977329254,1,-1
4,26,0.1883973628282547,0.0005182921886444092,1,0
4,27,0.2608977258205414,0.07250036299228668,2,1
4,28,0.12899312376976013,-0.06595230102539062,3,1
4,29,0.13426488637924194,0.0017572542031606038,2,-1
4,30,0.12657171487808228,-0.003846585750579834,1,-1
4,31,0.15735697746276855,0.03078526258468628,1,0
4,32,0.23714585602283478,0.07978887856006622,2,1
4,33,0.15111610293388367,-0.043014876544475555,1,-1
4,34,0.1289198249578476,-0.022196277976036072,1,0
4,35,0.27253133058547974,0.14361150562763214,2,1
4,36,0.2190636545419693,-0.02673383802175522,1,-1
4,37,0.25840532779693604,0.039341673254966736,1,0
4,38,0.2272505909204483,-0.031154736876487732,1,0
4,39,0.1545644998550415,-0.0726860910654068,2,1
4,40,0.13910773396492004,-0.00772838294506073,1,-1
4,41,0.18845444917678833,0.049346715211868286,1,0
4,42,0.12206374108791351,-0.06639070808887482,2,1
4,43,0.17549189925193787,0.026714079082012177,1,-1
4,44,0.17276044189929962,-0.0027314573526382446,1,0
4,45,0.13479533791542053,-0.03796510398387909,1,0
4,46,0.2834818661212921,0.14868652820587158,2,1
4,47,0.1807250678539276,-0.05137839913368225,3,1
4,48,0.14596349000930786,-0.011587192614873251,2,-1
4,49,0.12989774346351624,-0.008032873272895813,1,-1
4,50,0.12718243896961212,-0.0027153044939041138,1,0
4,51,0.1454874575138092,0.018305018544197083,1,0
4,52,0.13411986827850342,-0.011367589235305786,1,0
4,53,0.15055422484874725,0.016434356570243835,1,0
4,54,0.2727788984775543,0.12222467362880707,2,1
4,55,0.2448853999376297,-0.01394674926996231,1,-1
4,56,0.15816187858581543,-0.08672352135181427,2,1
4,57,0.2202911227941513,0.031064622104167938,1,-1
4,58,0.11699001491069794,-0.10330110788345337,2,1
4,59,0.11907711625099182,0.0010435506701469421,1,-1
4,60,0.13865536451339722,0.019578248262405396,1,0
4,61,0.12387551367282867,-0.014779850840568542,1,0
4,62,0.09949987381696701,-0.024375639855861664,1,0
4,63,0.18712657690048218,0.08762670308351517,2,1
4,64,0.15158359706401825,-0.017771489918231964,1,-1
4,65,0.14018256962299347,-0.01140102744102478,1,0
4,66,0.11193430423736572,-0.028248265385627747,1,0
4,67,0.22567269206047058,0.11373838782310486,2,1
4,68,0.1480942964553833,-0.03878919780254364,1,-1
4,69,0.18258997797966003,0.03449568152427673,1,0
4,70,0.09250179678201675,-0.09008818119764328,2,1
4,71,0.1273491382598877,0.01742367073893547,1,-1
4,72,0.1365831345319748,0.009233996272087097,1,0
4,73,0.16713733971118927,0.030554205179214478,1,0
4,74,0.18262672424316406,0.015489384531974792,1,0
4,75,0.1673593968153,-0.015267327427864075,1,0
4,76,0.14755140244960785,-0.01980799436569214,1,0
4,77,0.13900037109851837,-0.008551031351089478,1,0
4,78,0.15832553803920746,0.019325166940689087,1,0
4,79,0.11110355705022812,-0.04722198098897934,1,0
4,80,0.15078525245189667,0.03968169540166855,1,0
4,81,0.1533285677433014,0.002543315291404724,1,0
4,82,0.11011962592601776,-0.04320894181728363,1,0
4,83,0.15396496653556824,0.043845340609550476,1,0
4,84,0.12889325618743896,-0.025071710348129272,1,0
4,85,0.0812588483095169,-0.04763440787792206,1,0
4,86,0.09801655262708664,0.016757704317569733,1,0
4,87,0.18214623630046844,0.0841296836733818,2,1
4,88,0.12386481463909149,-0.029140710830688477,1,-1
4,89,0.1537635624408722,0.0298987478017807,1,0
4,90,0.11033836752176285,-0.043425194919109344,1,0
4,91,0.1334611177444458,0.023122750222682953,1,0
4,92,0.14526070654392242,0.011799588799476624,1,0
4,93,0.1284564733505249,-0.016804233193397522,1,0
4,94,0.13924752175807953,0.010791048407554626,1,0
4,95,0.11449026316404343,-0.024757258594036102,1,0
4,96,0.19215776026248932,0.07766749709844589,2,1
4,97,0.13018490374088287,-0.030986428260803223,1,-1
4,98,0.1202591061592102,-0.009925797581672668,1,0
4,99,0.12101888656616211,0.0007597804069519043,1,0
4,100,0.1542583703994751,0.03323948383331299,1,0
4,101,0.08265696465969086,-0.07160140573978424,2,1
4,102,0.1451919823884964,0.03126750886440277,1,-1
4,103,0.11943911761045456,-0.02575286477804184,1,0
4,104,0.14240145683288574,0.022962339222431183,1,0
4,105,0.07148811221122742,-0.07091334462165833,2,1
4,106,0.06707654148340225,-0.0022057853639125824,1,-1
4,107,0.08131512999534607,0.014238588511943817,1,0
4,108,0.1321922242641449,0.05087709426879883,2,1
4,109,0.16068364679813385,0.014245711266994476,1,-1
4,110,0.1413712203502655,-0.019312426447868347,1,0
4,111,0.15161444246768951,0.010243222117424011,1,0
4,112,0.1253926306962967,-0.026221811771392822,1,0
4,113,0.10520142316818237,-0.02019120752811432,1,0
4,114,0.13992905616760254,0.034727632999420166,1,0
4,115,0.08815443515777588,-0.05177462100982666,2,1
4,116,0.1354248821735382,0.023635223507881165,1,-1
4,117,0.14068518579006195,0.005260303616523743,1,0
4,118,0.06918640434741974,-0.07149878144264221,2,1
4,119,0.10293126106262207,0.016872428357601166,1,-1
4,120,0.1391446590423584,0.03621339797973633,1,0
4,121,0.15351459383964539,0.014369934797286987,1,0
4,122,0.18311798572540283,0.029603391885757446,1,0
4,123,0.16396568715572357,-0.01915229856967926,1,0
4,124,0.10178397595882416,-0.062181711196899414,2,1
4,125,0.1791577935218811,0.03868690878152847,1,-1
4,126,0.14735592901706696,-0.03180186450481415,1,0
4,127,0.13162055611610413,-0.01573537290096283,1,0
4,128,0.08045224100351334,-0.05116831511259079,2,1
4,129,0.08450234681367874,0.0020250529050827026,1,-1
4,130,0.09643561393022537,0.01193326711654663,1,0
4,131,0.14650891721248627,0.050073303282260895,2,1
4,132,0.11748048663139343,-0.014514215290546417,1,-1
4,133,0.20180614292621613,0.08432565629482269,2,1
4,134,0.15665115416049957,-0.022577494382858276,1,-1
4,135,0.08406079560518265,-0.07259035855531693,2,1
4,136,0.10050688683986664,0.008223045617341995,1,-1
4,137,0.13276012241840363,0.03225323557853699,1,0
4,138,0.14030984044075012,0.007549718022346497,1,0
4,139,0.11679428070783615,-0.02351555973291397,1,0
4,140,0.13404469192028046,0.017250411212444305,1,0
4,141,0.1192101389169693,-0.014834553003311157,1,0
4,142,0.10372713208198547,-0.015483006834983826,1,0
4,143,0.2085132747888565,0.10478614270687103,2,1
4,144,0.11537142097949982,-0.046570926904678345,1,-1
4,145,0.15438447892665863,0.039013057947158813,1,0
4,146,0.14473752677440643,-0.009646952152252197,1,0
4,147,0.10812504589557648,-0.036612480878829956,1,0
4,148,0.13764864206314087,0.029523596167564392,1,0
4,149,0.08930952101945877,-0.0483391210436821,1,0
4,150,0.09726892411708832,0.007959403097629547,1,0
4,151,0.09561531245708466,-0.0016536116600036621,1,0
4,152,0.17009830474853516,0.0744829922914505,2,1
4,153,0.13861453533172607,-0.01574188470840454,1,-1
4,154,0.15614813566207886,0.017533600330352783,1,0
4,155,0.10826878994703293,-0.04787934571504593,1,0
4,156,0.10125952959060669,-0.007009260356426239,1,0
4,157,0.03990691900253296,-0.06135261058807373,2,1
4,158,0.06920842826366425,0.014650754630565643,1,-1
4,159,0.057297173887491226,-0.01191125437617302,1,0
4,160,0.046574126929044724,-0.010723046958446503,1,0
4,161,0.10433385521173477,0.05775972828269005,2,1
4,162,0.11328159272670746,0.004473868757486343,1,-1
4,163,0.16868586838245392,0.05540427565574646,2,1
4,164,0.10250616818666458,-0.03308985009789467,1,-1
4,165,0.10080711543560028,-0.0016990527510643005,1,0
4,166,0.13185103237628937,0.031043916940689087,1,0
4,167,0.11953859776258469,-0.012312434613704681,1,0
4,168,0.10235723108053207,-0.017181366682052612,1,0
4,169,0.09326215088367462,-0.009095080196857452,1,0
4,170,0.11102539300918579,0.01776324212551117,1,0
4,171,0.06969089061021805,-0.04133450239896774,1,0
4,172,0.12630805373191833,0.05661716312170029,2,1
4,173,0.09646518528461456,-0.014921434223651886,1,-1
4,174,0.12281110137701035,0.026345916092395782,1,0
4,175,0.12035245448350906,-0.0024586468935012817,1,0
4,176,0.13288763165473938,0.012535177171230316,1,0
4,177,0.13488927483558655,0.002001643180847168,1,0
4,178,0.20271649956703186,0.06782722473144531,2,1
4,179,0.09678168594837189,-0.05296740680932999,3,1
4,180,0.06960389018058777,-0.00905926525592804,2,-1
4,181,0.13153454661369324,0.030965328216552734,1,-1
4,182,0.09360945969820023,-0.03792508691549301,1,0
4,183,0.10621733218431473,0.012607872486114502,1,0
4,184,0.09257776290178299,-0.013639569282531738,1,0
4,185,0.10817138850688934,0.015593625605106354,1,0
4,186,0.15474113821983337,0.04656974971294403,1,0
4,187,0.14830490946769714,-0.0064362287521362305,1,0
4,188,0.1513853222131729,0.003080412745475769,1,0
4,189,0.15344935655593872,0.002064034342765808,1,0
4,190,0.09482336789369583,-0.05862598866224289,2,1
4,191,0.1007760688662529,0.002976350486278534,1,-1
4,192,0.14732271432876587,0.04654664546251297,1,0
4,193,0.08814302831888199,-0.05917968600988388,2,1
4,194,0.12328024953603745,0.01756861060857773,1,-1
4,195,0.13795804977416992,0.014677800238132477,1,0
4,196,0.10969901829957962,-0.0282590314745903,1,0
4,197,0.093657486140728,-0.016041532158851624,1,0
4,198,0.12351652979850769,0.029859043657779694,1,0
4,199,0.0560707151889801,-0.06744581460952759,2,1
4,200,0.0928710550069809,0.018400169909000397,1,-1
4,201,0.08568314462900162,-0.0071879103779792786,1,0
4,202,0.0888764038681984,0.0031932592391967773,1,0
4,203,0.09939630329608917,0.010519899427890778,1,0
4,204,0.17446711659431458,0.0750708132982254,2,1
4,205,0.07695399224758148,-0.04875656217336655,1,-1
4,206,0.1472858339548111,0.07033184170722961,2,1
4,207,0.19203421473503113,0.022374190390110016,1,-1
4,208,0.06241314858198166,-0.12962106615304947,2,1
4,209,0.09001537412405014,0.01380111277103424,1,-1
4,210,0.123618945479393,0.033603571355342865,1,0
4,211,0.1342059075832367,0.010586962103843689,1,0
4,212,0.11410851031541824,-0.02009739726781845,1,0
4,213,0.112647145986557,-0.0014613643288612366,1,0
4,214,0.15620578825473785,0.04355864226818085,1,0
4,215,0.16683299839496613,0.010627210140228271,1,0
4,216,0.1785329282283783,0.01169992983341217,1,0
4,217,0.1403232216835022,-0.0382097065448761,1,0
4,218,0.14831122756004333,0.007988005876541138,1,0
4,219,0.13920079171657562,-0.009110435843467712,1,0
4,220,0.09145107120275497,-0.04774972051382065,1,0
4,221,0.11735906451940536,0.02590799331665039,1,0
4,222,0.10979200899600983,-0.007567055523395538,1,0
4,223,0.13876353204250336,0.02897152304649353,1,0
4,224,0.20412831008434296,0.0653647780418396,2,1
4,225,0.17889828979969025,-0.012615010142326355,1,-1
4,226,0.15462854504585266,-0.024269744753837585,1,0
4,227,0.1470651477575302,-0.007563397288322449,1,0
4,228,0.09070014208555222,-0.056365005671978,2,1
4,229,0.12552012503147125,0.01740999147295952,1,-1
4,230,0.17818734049797058,0.05266721546649933,2,1
4,231,0.15831056237220764,-0.00993838906288147,1,-1
4,232,0.1638675183057785,0.005556955933570862,1,0
4,233,0.12157261371612549,-0.042294904589653015,1,0
4,234,0.17553861439228058,0.05396600067615509,2,1
5,0,0.1677134782075882,-0.003912568092346191,1,-1
